{"0": 0.5904190398698128, "1": 0.7362693246541904, "2": 0.7801057770545159, "3": 0.8101098454027664, "4": 0.8256712774613507, "5": 0.8366558177379984, "6": 0.8442839707078926, "7": 0.8474369406021155, "8": 0.8496745321399511, "9": 0.850793327908869, "10": 0.8502847843775427, "11": 0.8497762408462164}