{"0": 0.5774647887323944, "1": 0.5352112676056338, "2": 0.4225352112676056, "3": 0.352112676056338, "4": 0.38028169014084506, "5": 0.36619718309859156, "6": 0.4084507042253521, "7": 0.4507042253521127, "8": 0.38028169014084506, "9": 0.3380281690140845, "10": 0.3380281690140845, "11": 0.4647887323943662}