{"0": 0.5856342333163526, "1": 0.7301069791136017, "2": 0.7759551706571575, "3": 0.806826286296485, "4": 0.8268976057055527, "5": 0.8367804381049414, "6": 0.841365257259297, "7": 0.8437086092715231, "8": 0.8473764645950076, "9": 0.8469689251146205, "10": 0.8471726948548141, "11": 0.8471726948548141}