{"0": {"pearson": [0.05476862819361793, 0.0339215040793288], "spearman": [0.05910693753494198, 0.02206221295277197]}, "1": {"pearson": [0.819705664340927, 0.0], "spearman": [0.8186080480262363, 0.0]}, "2": {"pearson": [0.8624180375037769, 0.0], "spearman": [0.8623066654949156, 0.0]}, "3": {"pearson": [0.8763017232319853, 0.0], "spearman": [0.8755400144732793, 0.0]}, "4": {"pearson": [0.8895162693127486, 0.0], "spearman": [0.8849730875977004, 0.0]}, "5": {"pearson": [0.8963266777246156, 0.0], "spearman": [0.8913483936961607, 0.0]}, "6": {"pearson": [0.899190665554092, 0.0], "spearman": [0.8947821184826875, 0.0]}, "7": {"pearson": [0.8996862832775047, 0.0], "spearman": [0.8959845232260019, 0.0]}, "8": {"pearson": [0.900735480182343, 0.0], "spearman": [0.8981185762982612, 0.0]}, "9": {"pearson": [0.9023746481093678, 0.0], "spearman": [0.8996690702494577, 0.0]}, "10": {"pearson": [0.9016510221989016, 0.0], "spearman": [0.8996637286087654, 0.0]}, "11": {"pearson": [0.9007015418001225, 0.0], "spearman": [0.8995355132179055, 0.0]}}