{"0": 0.5126353790613718, "1": 0.592057761732852, "2": 0.6137184115523465, "3": 0.6209386281588448, "4": 0.6498194945848376, "5": 0.6462093862815884, "6": 0.6606498194945848, "7": 0.6895306859205776, "8": 0.7003610108303249, "9": 0.703971119133574, "10": 0.7111913357400722, "11": 0.6714801444043321}