{"0": 0.6086399414241259, "1": 0.8242723778143877, "2": 0.8605161998901703, "3": 0.8769906644700713, "4": 0.8932820794435292, "5": 0.9011532125205931, "6": 0.90591250228812, "7": 0.9106717920556471, "8": 0.9104887424492037, "9": 0.9110378912685337, "10": 0.9125022881200805, "11": 0.9121361889071938}