{"0": {"acc": 0.7707642839475637, "f1": 0.6727863296144613}, "1": {"acc": 0.8564679693297057, "f1": 0.8086523559864147}, "2": {"acc": 0.8824140489735345, "f1": 0.8438649500788229}, "3": {"acc": 0.8938659411328221, "f1": 0.8584062035967661}, "4": {"acc": 0.9004946821667079, "f1": 0.8671093053215737}, "5": {"acc": 0.9033885728419491, "f1": 0.870944293927179}, "6": {"acc": 0.9050952263170913, "f1": 0.8732868795614411}, "7": {"acc": 0.9061587929755133, "f1": 0.8747606786822474}, "8": {"acc": 0.9064061340588672, "f1": 0.8749917409976875}, "9": {"acc": 0.9062577294088549, "f1": 0.8749340021119325}, "10": {"acc": 0.9062824635171902, "f1": 0.8748555008752519}, "11": {"acc": 0.9061835270838486, "f1": 0.8746571494663099}}