{"0": 0.0, "1": 0.0, "2": 0.27248770819981843, "3": 0.3831459634112648, "4": 0.462619342058614, "5": 0.507010469002257, "6": 0.5123968479329662, "7": 0.5263815961809962, "8": 0.5296685102857025, "9": 0.5350363321547124, "10": 0.5554044698020582, "11": 0.5494854080495684}