{"0": {"acc": 0.6838235294117647, "f1": 0.8116788321167884}, "1": {"acc": 0.7475490196078431, "f1": 0.8308702791461412}, "2": {"acc": 0.7818627450980392, "f1": 0.846815834767642}, "3": {"acc": 0.8137254901960784, "f1": 0.8698630136986301}, "4": {"acc": 0.8406862745098039, "f1": 0.8869565217391304}, "5": {"acc": 0.8627450980392157, "f1": 0.9027777777777778}, "6": {"acc": 0.8529411764705882, "f1": 0.8969072164948454}, "7": {"acc": 0.8676470588235294, "f1": 0.90625}, "8": {"acc": 0.8627450980392157, "f1": 0.9037800687285222}, "9": {"acc": 0.8529411764705882, "f1": 0.8979591836734693}, "10": {"acc": 0.8529411764705882, "f1": 0.8979591836734693}, "11": {"acc": 0.8529411764705882, "f1": 0.8979591836734693}}