{"0": 0.8027522935779816, "1": 0.8715596330275229, "2": 0.8853211009174312, "3": 0.9059633027522935, "4": 0.9185779816513762, "5": 0.9254587155963303, "6": 0.9288990825688074, "7": 0.930045871559633, "8": 0.9288990825688074, "9": 0.9254587155963303, "10": 0.9288990825688074, "11": 0.9254587155963303}